1/21,teramars,https://www.ptt.cc/bbs/Beauty/M.1611208932.A.98E.html
1/21,chacha200623,https://www.ptt.cc/bbs/Beauty/M.1611207048.A.BC4.html
1/21,kelseyaya,https://www.ptt.cc/bbs/Beauty/M.1611200664.A.DDE.html
1/21,MrChiang,https://www.ptt.cc/bbs/Beauty/M.1611199954.A.05F.html
1/21,wupaul,https://www.ptt.cc/bbs/Beauty/M.1611197619.A.B1C.html
1/21,toto3527,https://www.ptt.cc/bbs/Beauty/M.1611196964.A.358.html
1/21,cylee0511,https://www.ptt.cc/bbs/Beauty/M.1611194925.A.79B.html
1/21,MidoBanA,https://www.ptt.cc/bbs/Beauty/M.1611193126.A.9AB.html
1/21,littlekbn,https://www.ptt.cc/bbs/Beauty/M.1611167215.A.AF9.html
1/21,-,https://www.ptt.cc/bbs/Beauty/M.1611165861.A.A23.html
