看板 Beauty,https://www.ptt.cc/bbs/Beauty/M.1611208932.A.98E.html,teramars (tomorrow never knows),[正妹] 白俄羅斯妹子,Thu Jan 21 14:02:10 2021,1,"



















--
"
看板 Beauty,https://www.ptt.cc/bbs/Beauty/M.1611207048.A.BC4.html,chacha200623 (兩光師),[正妹] 空姐,Thu Jan 21 13:30:46 2021,6,"






--
"
看板 Beauty,https://www.ptt.cc/bbs/Beauty/M.1611200664.A.DDE.html,kelseyaya (Yaya),[廣告] 日本超正牙醫「西原愛夏」網友看了也想,Thu Jan 21 11:44:22 2021,20,"
日本超正牙醫「西原愛夏」網友看了也想牙痛！

來源(多圖)：JKF捷克論壇



有「最美牙醫」之稱的日本正妹西原愛夏，除了正職是一名專業牙醫之外，還會在工作之
餘兼職當起模特兒拍攝寫真，不時會秀出甜美臉蛋和性感身材。為了迎接2021牛年，西原
愛夏特地換上一身乳牛比基尼，並宣布將發行第4張寫真DVD，及開設個人YouTube頻道，
養眼的畫面引來大批粉絲觀看。



生日：1995年11月17日
出身地：日本山形縣
身高：161公分
推特、IG：@ManakaNishihara、manakanishihara














網頁好讀版(JKF捷克論壇):

--
"
看板 Beauty,https://www.ptt.cc/bbs/Beauty/M.1611199954.A.05F.html,MrChiang (Penguin(小企鵝)),[正妹] 甜美正妹,Thu Jan 21 11:32:32 2021,3,"





評價看看

--
"
看板 Beauty,https://www.ptt.cc/bbs/Beauty/M.1611197619.A.B1C.html,wupaul (捷派陣線聯盟),[帥哥] 準備當有兩個孩子的爸爸,Thu Jan 21 10:53:35 2021,14,"

嘿 你猜得沒錯

就是看起來身懷六甲的男人

亞洲統神




跟晨晨玩得很爽


影片:


幫貓咪清貓砂




穿西裝這張，看得出來肚子越來越大了



阿貓咪也喜歡躺在大肚子上!



跟兒子看影片，露出擋不住的大肚子


最後，遊戲天才的煩惱



靠一張帥臉生活的帥哥，介紹給大家!

--
"
看板 Beauty,https://www.ptt.cc/bbs/Beauty/M.1611196964.A.358.html,toto3527 (toto),[帥哥] 沒有輸,Thu Jan 21 10:42:42 2021,5,"







--
"
看板 Beauty,https://www.ptt.cc/bbs/Beauty/M.1611194925.A.79B.html,cylee0511 (深坑仙道彰),[正妹] 金所炫,Thu Jan 21 10:08:43 2021,7,"













臉圓圓的最可愛

--
101.10.55.182 01/21 11:22
所炫勝啦
"
看板 Beauty,https://www.ptt.cc/bbs/Beauty/M.1611193126.A.9AB.html,MidoBanA (阿姆斯特朗羊),[正妹] 小莓,Thu Jan 21 09:38:43 2021,22,"






--
"
看板 Beauty,https://www.ptt.cc/bbs/Beauty/M.1611167215.A.AF9.html,littlekbn (小柯),[神人] 靜宜國企正妹,Thu Jan 21 02:26:53 2021,9,"
之前看過ig

可是現在找不到了

請問有人知道嗎



--
"
看板 Beauty,https://www.ptt.cc/bbs/Beauty/M.1611165861.A.A23.html,CaseyMize (Casey Mize),[正妹] 李侑菲,Thu Jan 21 02:04:19 2021,6,"



















--
"
